id,expert_id,question,answer,project_id,organization_id,source_email_id,possibility_fraudulent,source_project_question_id,order,ai_match_score,excluded
049faf35-1505-4b8e-aa57-e075375b5483,dda7562b-3e3d-4644-aace-b68c98b9990c,What key market or policy trends have influenced your strategic planning recently?,No reply,e255a3f2-6a7a-4a18-a4e4-d37216284b9f,c988949f-d1ff-11ef-9e50-9afa7bdc3275,27f1cd6c-2614-4c6b-82e1-9694ec6886a7,0,c23fd73e-5b82-4168-896f-f09a663faaef,,,false
06f30193-ff7c-424e-83c1-2300c6876712,9e582ee1-5eea-4a1f-b7b8-06904f345890,Can you share how data insights have driven strategic decisions?,Detailed customer segmentation and behavioral analytics have informed targeted marketing strategies.,786b7b2f-ece7-4574-9994-2f0762b53f6b,c988949f-d1ff-11ef-9e50-9afa7bdc3275,a31e910e-14a0-42a6-88f2-f6c03fff0b6b,0,c4016918-28fc-4dd7-8a1b-dd38c1b19612,3,,false
08934951-f81b-43ac-86cd-51ef6fef7568,58bac28a-b152-417b-b255-12917c5e45e7,Have you led any AI integration projects in the past 12 months?,"Yes, I recently oversaw an AI pilot in patient diagnostics.",04049c5d-99fb-401e-a346-1975413934d9,c988949f-d1ff-11ef-9e50-9afa7bdc3275,2adc0a39-f34c-4110-a9cd-da0701097b8f,0,8f9e2f11-031a-45b3-a28e-03f88afac24c,2,,false
08e358e2-243d-4f2e-9338-79ac590905a3,98d6da9b-3241-4045-bb62-c8bbb26a07fb,Which AI projects have you led in clinical settings?,I have implemented AI for radiology and predictive patient care.,04049c5d-99fb-401e-a346-1975413934d9,c988949f-d1ff-11ef-9e50-9afa7bdc3275,2adc0a39-f34c-4110-a9cd-da0701097b8f,0,8f9e2f11-031a-45b3-a28e-03f88afac24c,1,,false
096511df-10a7-4efc-bf4e-2df65e56a843,779dd2a4-40ce-4291-99d2-9cf9cbac05eb,What metrics do you find most critical when evaluating customer satisfaction?,"NPS, Customer Lifetime Value (CLV), and conversion rate.",786b7b2f-ece7-4574-9994-2f0762b53f6b,c988949f-d1ff-11ef-9e50-9afa7bdc3275,a31e910e-14a0-42a6-88f2-f6c03fff0b6b,0,4585554f-d345-4fe8-8322-e8e80047f102,3,,false
096e9366-ff9d-4502-a918-a6072c1033d8,342cfab6-44df-4a16-9753-d749fddcb9b5,Can you detail how technological advancements have impacted project outcomes?,Advanced analytics and automation systems have transformed our maintenance processes.,e255a3f2-6a7a-4a18-a4e4-d37216284b9f,c988949f-d1ff-11ef-9e50-9afa7bdc3275,27f1cd6c-2614-4c6b-82e1-9694ec6886a7,0,00e8a445-63f2-42ef-b1ed-85d2d51e8e9e,,,false
0adaebfd-ddbf-43bf-a25e-b57d417f9acf,df73d315-0aab-417d-9cc7-ef7946fc910f,What segments do you cover?,"Mobile banking, digital payments, and blockchain.",21e0b2f6-c8d0-47db-af1a-2b03ec48b69c,c988949f-d1ff-11ef-9e50-9afa7bdc3275,0c8c209d-6ec7-4f0c-b465-bd75e49f064f,0,,4,,false
0d269f22-547f-428b-ac4d-a47c4d6defe6,704fc6c5-0099-4b95-8c7d-e500db5988cb,Have you led initiatives to enhance supply chain resilience in the past year?,"Yes, I introduced predictive analytics to anticipate supply disruptions.",b0ed56b6-8219-42f7-87a6-03dee91733c4,c988949f-d1ff-11ef-9e50-9afa7bdc3275,3865508f-1665-4402-a75f-44d37276c675,0,58076e47-6207-4544-865f-ed8d900f57e7,2,,false
0da72f49-0ee5-48db-9428-5c92fd105abf,98d6da9b-3241-4045-bb62-c8bbb26a07fb,Are you involved in selecting or implementing AI-based solutions in your organization?,No reply,04049c5d-99fb-401e-a346-1975413934d9,c988949f-d1ff-11ef-9e50-9afa7bdc3275,2adc0a39-f34c-4110-a9cd-da0701097b8f,0,b8446be7-7d39-4694-80c7-86147e88ab91,,,false
0e242fbc-c92d-4541-85a3-59caa6a88eb1,79e25b5e-34cd-42ef-a807-161534da8902,Can you discuss the challenges and successes in integrating emerging technologies like blockchain?,No reply,21e0b2f6-c8d0-47db-af1a-2b03ec48b69c,c988949f-d1ff-11ef-9e50-9afa7bdc3275,0c8c209d-6ec7-4f0c-b465-bd75e49f064f,0,072dbf79-6f98-4ae8-97a6-871250815e06,,,false
0eed9b31-5698-4f2e-b49b-ab6788fa797d,8b8207d8-b138-458f-80a8-da5aa17ddc2e,Have you implemented digital tools or analytics to optimize supply chain performance recently?,"Yes, we recently deployed a cloud-based analytics platform.",b0ed56b6-8219-42f7-87a6-03dee91733c4,c988949f-d1ff-11ef-9e50-9afa7bdc3275,3865508f-1665-4402-a75f-44d37276c675,0,f41a8511-5e51-4bab-ab87-7d7502bc1cc5,2,,false
0f29aea1-1b6f-4aa8-b70c-5d7a1d393e77,75f95df7-caf0-4ec6-9b68-4a03c00acb93,Have you overseen the launch or evolution of digital banking products in the past year?,No reply,21e0b2f6-c8d0-47db-af1a-2b03ec48b69c,c988949f-d1ff-11ef-9e50-9afa7bdc3275,0c8c209d-6ec7-4f0c-b465-bd75e49f064f,0,f302e2ea-790a-4d0e-a3cb-a41798c764c2,,,false
129e5a1f-69cd-4eab-8ed8-06f7fc956d31,d91a4faf-c94c-438e-8270-d76014648895,What initiatives have you led to improve customer engagement?,I implemented real-time personalization and unified customer data platforms.,786b7b2f-ece7-4574-9994-2f0762b53f6b,c988949f-d1ff-11ef-9e50-9afa7bdc3275,a31e910e-14a0-42a6-88f2-f6c03fff0b6b,0,75620d87-5957-48b9-9352-186477e8254c,1,,false
12ae3337-07a8-4d48-b0cc-2cfce3d5856c,f953b54f-95fd-4efa-8308-1de45ae8883d,Have you implemented any major customer engagement initiatives recently?,"Yes, our latest personalization initiative improved customer satisfaction by 20%.",786b7b2f-ece7-4574-9994-2f0762b53f6b,c988949f-d1ff-11ef-9e50-9afa7bdc3275,a31e910e-14a0-42a6-88f2-f6c03fff0b6b,0,75620d87-5957-48b9-9352-186477e8254c,2,,false
13d1321b-e722-489e-aed4-f811e685e515,df73d315-0aab-417d-9cc7-ef7946fc910f,Can you discuss the challenges and successes in integrating emerging technologies like blockchain?,No reply,21e0b2f6-c8d0-47db-af1a-2b03ec48b69c,c988949f-d1ff-11ef-9e50-9afa7bdc3275,0c8c209d-6ec7-4f0c-b465-bd75e49f064f,0,072dbf79-6f98-4ae8-97a6-871250815e06,,,false
15a27eac-522e-4782-9975-b279f00839c5,dc2ccaff-8bda-4832-8a3e-cbfc4d1837f7,Do you manage the operational aspects or technology implementations for renewable projects?,"Yes, I directly oversee technology deployment and operational efficiency.",e255a3f2-6a7a-4a18-a4e4-d37216284b9f,c988949f-d1ff-11ef-9e50-9afa7bdc3275,27f1cd6c-2614-4c6b-82e1-9694ec6886a7,0,ad6c442a-10dd-4e47-9659-ac6bfb3353df,1,,false
170bedff-a2ed-4454-8bc3-60c3103a62ea,f043d1bb-35b4-4700-a972-5ab37d1636c0,Have you led any initiatives focused on enhancing supply chain resilience in the past year?,"Yes, I implemented a blockchain-based tracking system for improved transparency.",b0ed56b6-8219-42f7-87a6-03dee91733c4,c988949f-d1ff-11ef-9e50-9afa7bdc3275,3865508f-1665-4402-a75f-44d37276c675,0,58076e47-6207-4544-865f-ed8d900f57e7,2,,false
1c23521c-1678-4b89-918d-a75fbc07786e,f043d1bb-35b4-4700-a972-5ab37d1636c0,What processes or technologies are most effective for risk mitigation?,Real-time data analytics and IoT-driven monitoring.,b0ed56b6-8219-42f7-87a6-03dee91733c4,c988949f-d1ff-11ef-9e50-9afa7bdc3275,3865508f-1665-4402-a75f-44d37276c675,0,a112db65-766f-449d-8bf1-f554130c09ed,3,,false
1c44aca4-fcb4-4b2b-bf23-a7561e585c35,1a90bacd-1263-4a86-be07-0440be52352d,Are you responsible for driving digital transformation initiatives?,"Yes, I have direct oversight on major fintech innovation projects.",21e0b2f6-c8d0-47db-af1a-2b03ec48b69c,c988949f-d1ff-11ef-9e50-9afa7bdc3275,0c8c209d-6ec7-4f0c-b465-bd75e49f064f,0,92a60d11-208f-4e37-a0d9-5fa97dacea5e,1,,false
1f0fe2df-a5bd-4427-886c-16453427fca8,46a7bc72-daca-4dac-9e8f-a81492d7505b,What processes or technologies have you found most effective in mitigating supply chain risks?,No reply,b0ed56b6-8219-42f7-87a6-03dee91733c4,c988949f-d1ff-11ef-9e50-9afa7bdc3275,3865508f-1665-4402-a75f-44d37276c675,0,a112db65-766f-449d-8bf1-f554130c09ed,,,false
1f8d8aef-7bd3-4428-91c8-9f6370861c2f,5f71a7e8-d0d9-45a3-9441-7e087b4187b8,How involved are you in AI solution selection?,I’m the final decision maker on all digital health projects.,04049c5d-99fb-401e-a346-1975413934d9,c988949f-d1ff-11ef-9e50-9afa7bdc3275,2adc0a39-f34c-4110-a9cd-da0701097b8f,0,b8446be7-7d39-4694-80c7-86147e88ab91,1,,false
1f95264e-cd61-46b5-a848-8748acf9d313,1a90bacd-1263-4a86-be07-0440be52352d,Have you managed digital banking product launches recently?,"Yes, with successful integration of blockchain technologies.",21e0b2f6-c8d0-47db-af1a-2b03ec48b69c,c988949f-d1ff-11ef-9e50-9afa7bdc3275,0c8c209d-6ec7-4f0c-b465-bd75e49f064f,0,f302e2ea-790a-4d0e-a3cb-a41798c764c2,2,,false
21206c94-9b82-4137-b4d5-9e234a1a13d1,5face4fc-2417-402b-8b4f-48038a11e483,Are you responsible for overseeing end-to-end supply chain operations?,"Yes, I direct the complete supply chain function.",b0ed56b6-8219-42f7-87a6-03dee91733c4,c988949f-d1ff-11ef-9e50-9afa7bdc3275,3865508f-1665-4402-a75f-44d37276c675,0,1a5b6a70-9c2b-40a0-a372-de72540a2ff4,1,,false
238378e9-e630-4fec-a07d-e010d0c8fc68,ea1375f8-5053-483f-8f57-2cbcf97d339a,Are you involved in regulatory decisions for fintech product innovations?,"Yes, I’m the final decision maker on compliance frameworks.",21e0b2f6-c8d0-47db-af1a-2b03ec48b69c,c988949f-d1ff-11ef-9e50-9afa7bdc3275,0c8c209d-6ec7-4f0c-b465-bd75e49f064f,0,95c3b23b-a8f5-48be-a9d3-3550be227614,1,,false
24b388d0-f36a-4360-b108-1779d18eac5c,779dd2a4-40ce-4291-99d2-9cf9cbac05eb,Are you responsible for shaping the overall customer experience strategy in your organization?,"Yes, I lead the global CX strategy for Amazon’s direct-to-consumer platforms.",786b7b2f-ece7-4574-9994-2f0762b53f6b,c988949f-d1ff-11ef-9e50-9afa7bdc3275,a31e910e-14a0-42a6-88f2-f6c03fff0b6b,0,23d8d732-1718-4306-a465-55a5e197dc53,1,,false
26078efa-2844-446f-8fed-b62dbd1ddeec,a427b73a-6d45-44d7-a934-a4dac5e11298,Have you overseen any new initiatives in the past 12 months?,"Yes, I managed the rollout of a new biomass facility.",e255a3f2-6a7a-4a18-a4e4-d37216284b9f,c988949f-d1ff-11ef-9e50-9afa7bdc3275,27f1cd6c-2614-4c6b-82e1-9694ec6886a7,0,5bc6f01a-e2ba-46af-bce6-8f4ecb1746c0,2,,false
28fe20fe-acc9-4c63-9248-efe9a8426614,e0edade1-343c-4f79-a263-9b218cea4126,What new technologies have you integrated?,I implemented smart grid systems to optimize energy distribution.,e255a3f2-6a7a-4a18-a4e4-d37216284b9f,c988949f-d1ff-11ef-9e50-9afa7bdc3275,27f1cd6c-2614-4c6b-82e1-9694ec6886a7,0,f8ca436f-e39e-43b5-904c-943adf845fce,2,,false
2a3870f2-1bff-4b00-a304-38f8efc18d4c,192803be-5531-454b-b0ca-f543cfcf4087,Can you share examples of how innovation has directly improved operational efficiency?,No reply,b0ed56b6-8219-42f7-87a6-03dee91733c4,c988949f-d1ff-11ef-9e50-9afa7bdc3275,3865508f-1665-4402-a75f-44d37276c675,0,0317ae93-fdc6-470e-8c76-b6cf898bfa47,,,false
2a71af0d-06c3-4fb5-9a7e-be111d42b76b,b90ca085-ea28-4a04-8241-e3a17e9f8cf3,Do you oversee the strategic deployment of IT solutions that include AI or machine learning?,No reply,04049c5d-99fb-401e-a346-1975413934d9,c988949f-d1ff-11ef-9e50-9afa7bdc3275,2adc0a39-f34c-4110-a9cd-da0701097b8f,0,6c42ec79-f6ef-4da6-9e6d-7e5ff0353595,,,false
2aa4a9b0-7269-479e-896d-37a93b50c9c0,6d0e61a0-f13d-4e5d-8c49-c8a2b4868ced,Have you implemented major customer engagement initiatives recently?,"Yes, I led a cross-channel personalization project that increased engagement by 18%.",786b7b2f-ece7-4574-9994-2f0762b53f6b,c988949f-d1ff-11ef-9e50-9afa7bdc3275,a31e910e-14a0-42a6-88f2-f6c03fff0b6b,0,75620d87-5957-48b9-9352-186477e8254c,2,,false
2c66b816-7253-4c87-bf3f-895807e9d153,c07a7079-0657-4603-9530-4ad2688daf2c,Have you led AI integration projects in the past year?,"Yes, with demonstrable improvements in workflow efficiency.",04049c5d-99fb-401e-a346-1975413934d9,c988949f-d1ff-11ef-9e50-9afa7bdc3275,2adc0a39-f34c-4110-a9cd-da0701097b8f,0,8f9e2f11-031a-45b3-a28e-03f88afac24c,2,,false
325f8d08-0051-4bdc-a8a5-d8c03223f24a,0cf1a9fd-7612-4bed-a96b-cb6d65ef44a5,"Familiarity ratings: AI Integration: 5, Data Analytics: 5, IT Strategy: 4.",,04049c5d-99fb-401e-a346-1975413934d9,c988949f-d1ff-11ef-9e50-9afa7bdc3275,2adc0a39-f34c-4110-a9cd-da0701097b8f,0,,3,,false
351dddfe-8721-480f-b545-2f61c7619f69,46a7bc72-daca-4dac-9e8f-a81492d7505b,Have you led any initiatives focused on enhancing supply chain resilience within the last year?,"Marcus has over 15 years of experience managing operations at Ford, with a strong focus on enhancing supply chain resilience in North America.",b0ed56b6-8219-42f7-87a6-03dee91733c4,c988949f-d1ff-11ef-9e50-9afa7bdc3275,3865508f-1665-4402-a75f-44d37276c675,0,58076e47-6207-4544-865f-ed8d900f57e7,1,,false
3974ddb0-cfcc-475c-b20a-603e5c9b3cea,eca78225-5c27-4cd5-a3d7-21468166dcd9,What major initiatives have you led recently?,I led a cross-platform personalization project that drove significant engagement improvements.,786b7b2f-ece7-4574-9994-2f0762b53f6b,c988949f-d1ff-11ef-9e50-9afa7bdc3275,a31e910e-14a0-42a6-88f2-f6c03fff0b6b,0,75620d87-5957-48b9-9352-186477e8254c,2,,false
39d4572b-f602-4bbb-a9be-e30f2554697b,df73d315-0aab-417d-9cc7-ef7946fc910f,How involved are you in digital transformation decisions?,I’m the final decision maker for all digital innovation projects.,21e0b2f6-c8d0-47db-af1a-2b03ec48b69c,c988949f-d1ff-11ef-9e50-9afa7bdc3275,0c8c209d-6ec7-4f0c-b465-bd75e49f064f,0,92a60d11-208f-4e37-a0d9-5fa97dacea5e,1,,false
3dc8bbff-66d3-4148-abc7-26a35e330df3,c4d6383c-f06d-4e9f-becb-481286c53b5b,How have policy trends influenced your strategies?,Government incentives and carbon pricing adjustments have been crucial.,e255a3f2-6a7a-4a18-a4e4-d37216284b9f,c988949f-d1ff-11ef-9e50-9afa7bdc3275,27f1cd6c-2614-4c6b-82e1-9694ec6886a7,0,c23fd73e-5b82-4168-896f-f09a663faaef,2,,false
3f2b7285-d5e3-4152-833b-536e964cbf4e,6bcd8bf9-1532-4f3b-9ec6-4a50770843b2,What metrics do you find most critical when evaluating customer satisfaction?,No reply,786b7b2f-ece7-4574-9994-2f0762b53f6b,c988949f-d1ff-11ef-9e50-9afa7bdc3275,a31e910e-14a0-42a6-88f2-f6c03fff0b6b,0,4585554f-d345-4fe8-8322-e8e80047f102,,,false
3f66ed7f-1e7e-4b29-8a2c-cb4302b44c3c,7b133503-772c-4b9c-bf0e-c6b36e885827,What market or policy trends influence your planning?,Evolving energy policies and international renewable incentives are key factors.,e255a3f2-6a7a-4a18-a4e4-d37216284b9f,c988949f-d1ff-11ef-9e50-9afa7bdc3275,27f1cd6c-2614-4c6b-82e1-9694ec6886a7,0,c23fd73e-5b82-4168-896f-f09a663faaef,3,,false
40081c26-c8f7-4aae-a493-2ce9392d3720,243a78c9-d73d-4900-8a58-b8d0602427e7,Have you overseen the launch or evolution of digital banking platforms in the past year?,"Yes, I directly managed recent product upgrades.",21e0b2f6-c8d0-47db-af1a-2b03ec48b69c,c988949f-d1ff-11ef-9e50-9afa7bdc3275,0c8c209d-6ec7-4f0c-b465-bd75e49f064f,0,f302e2ea-790a-4d0e-a3cb-a41798c764c2,2,,false
4034f305-562a-4779-9333-233efaaa2996,342cfab6-44df-4a16-9753-d749fddcb9b5,What key technological advancements have you implemented?,Advanced analytics and automation systems have transformed our maintenance processes.,e255a3f2-6a7a-4a18-a4e4-d37216284b9f,c988949f-d1ff-11ef-9e50-9afa7bdc3275,27f1cd6c-2614-4c6b-82e1-9694ec6886a7,0,f8ca436f-e39e-43b5-904c-943adf845fce,2,,false
43f00ea8-c47c-4ab6-93ca-cf51e3362717,779dd2a4-40ce-4291-99d2-9cf9cbac05eb,Have you implemented any major customer engagement or personalization initiatives in the last year?,"Yes, our recent AI-powered personalization rollout has significantly enhanced customer retention.",786b7b2f-ece7-4574-9994-2f0762b53f6b,c988949f-d1ff-11ef-9e50-9afa7bdc3275,a31e910e-14a0-42a6-88f2-f6c03fff0b6b,0,75620d87-5957-48b9-9352-186477e8254c,2,,false
44af6d11-34c0-48c8-b7df-a6a60cf3e2de,2cb7b662-7837-47d4-88f9-d3583de921e2,Do you lead efforts to analyze customer behavior and digital engagement data?,"Yes, I head the analytics team focused on actionable customer insights.",786b7b2f-ece7-4574-9994-2f0762b53f6b,c988949f-d1ff-11ef-9e50-9afa7bdc3275,a31e910e-14a0-42a6-88f2-f6c03fff0b6b,0,f066dc0e-4d28-4281-a860-642d1277146e,1,,false
46672aa8-54b5-4baa-884c-580deaba29a4,3b9bbec8-e8ac-4f8a-8589-5cfca579e589,Have you managed initiatives for data integration or analytics in healthcare recently?,The specialist is a former leader in digital health strategy with extensive experience implementing AI in clinical settings.,04049c5d-99fb-401e-a346-1975413934d9,c988949f-d1ff-11ef-9e50-9afa7bdc3275,2adc0a39-f34c-4110-a9cd-da0701097b8f,0,62fd89d1-6f10-4155-876d-6e2e57051629,,,false
4c2577a4-7cdb-4e8c-af1b-e2b24260caf1,0cf1a9fd-7612-4bed-a96b-cb6d65ef44a5,How involved are you in IT strategy for AI initiatives?,I’m part of the executive team driving our AI roadmap.,04049c5d-99fb-401e-a346-1975413934d9,c988949f-d1ff-11ef-9e50-9afa7bdc3275,2adc0a39-f34c-4110-a9cd-da0701097b8f,0,6c42ec79-f6ef-4da6-9e6d-7e5ff0353595,1,,false
4de0e201-b132-4a16-8a05-1f4623dcc06e,704fc6c5-0099-4b95-8c7d-e500db5988cb,What processes or technologies are most effective?,"Advanced data analytics, IoT monitoring, and agile risk management frameworks.",b0ed56b6-8219-42f7-87a6-03dee91733c4,c988949f-d1ff-11ef-9e50-9afa7bdc3275,3865508f-1665-4402-a75f-44d37276c675,0,a112db65-766f-449d-8bf1-f554130c09ed,3,,false
511a9b69-4358-4376-a31f-6f7f5cfb5c09,3270c5d4-cf76-46bf-a5ed-4d2f9c40d98c,Can you discuss your role in AI-driven clinical transformation?,I lead all digital health strategies and AI vendor evaluations.,04049c5d-99fb-401e-a346-1975413934d9,c988949f-d1ff-11ef-9e50-9afa7bdc3275,2adc0a39-f34c-4110-a9cd-da0701097b8f,0,8f9e2f11-031a-45b3-a28e-03f88afac24c,1,,false
514e1e97-a69f-4332-b98d-1196e608d099,7b133503-772c-4b9c-bf0e-c6b36e885827,Have you overseen the launch of new renewable initiatives in the last year?,"Yes, I managed the development of a cutting-edge wind energy project.",e255a3f2-6a7a-4a18-a4e4-d37216284b9f,c988949f-d1ff-11ef-9e50-9afa7bdc3275,27f1cd6c-2614-4c6b-82e1-9694ec6886a7,0,5bc6f01a-e2ba-46af-bce6-8f4ecb1746c0,2,,false
5187f320-9e9d-42f3-bc38-fb915a255249,df73d315-0aab-417d-9cc7-ef7946fc910f,Have you overseen the launch or evolution of digital banking products in the past year?,No reply,21e0b2f6-c8d0-47db-af1a-2b03ec48b69c,c988949f-d1ff-11ef-9e50-9afa7bdc3275,0c8c209d-6ec7-4f0c-b465-bd75e49f064f,0,f302e2ea-790a-4d0e-a3cb-a41798c764c2,,,false
521bc776-5922-47b1-ada4-ced962e35ea0,3b9bbec8-e8ac-4f8a-8589-5cfca579e589,Which healthcare areas can you discuss?,"I can speak to diagnostics, patient care, and operational data systems.",04049c5d-99fb-401e-a346-1975413934d9,c988949f-d1ff-11ef-9e50-9afa7bdc3275,2adc0a39-f34c-4110-a9cd-da0701097b8f,0,,2,,false
53641c24-314e-4689-bd5b-4f9d478312fb,3b9bbec8-e8ac-4f8a-8589-5cfca579e589,Do you oversee the strategic deployment of IT solutions that include AI or machine learning?,I was one of multiple decision-makers in AI projects.,04049c5d-99fb-401e-a346-1975413934d9,c988949f-d1ff-11ef-9e50-9afa7bdc3275,2adc0a39-f34c-4110-a9cd-da0701097b8f,0,6c42ec79-f6ef-4da6-9e6d-7e5ff0353595,,,false
56170905-1e83-4384-b199-f8e938820ba0,7b133503-772c-4b9c-bf0e-c6b36e885827,Are you involved in strategic decisions regarding renewable energy projects?,"Yes, I currently oversee our renewable project strategy.",e255a3f2-6a7a-4a18-a4e4-d37216284b9f,c988949f-d1ff-11ef-9e50-9afa7bdc3275,27f1cd6c-2614-4c6b-82e1-9694ec6886a7,0,c6e0c4d4-e831-47a4-9b02-7dc3b5004c52,1,,false
5a23b804-cdc0-44e7-acef-46c90f1fc161,79e25b5e-34cd-42ef-a807-161534da8902,Are you responsible for driving digital transformation initiatives within your organization?,Led digital transformation committees at major European banks.,21e0b2f6-c8d0-47db-af1a-2b03ec48b69c,c988949f-d1ff-11ef-9e50-9afa7bdc3275,0c8c209d-6ec7-4f0c-b465-bd75e49f064f,0,92a60d11-208f-4e37-a0d9-5fa97dacea5e,,,false
5a3b0dfb-78c1-4f04-9bff-b0c4a70e08f7,dc2ccaff-8bda-4832-8a3e-cbfc4d1837f7,How have technological advancements impacted project outcomes?,They’ve increased uptime and reduced maintenance costs by 20%.,e255a3f2-6a7a-4a18-a4e4-d37216284b9f,c988949f-d1ff-11ef-9e50-9afa7bdc3275,27f1cd6c-2614-4c6b-82e1-9694ec6886a7,0,00e8a445-63f2-42ef-b1ed-85d2d51e8e9e,3,,false
5a581b03-9189-4802-8861-f9373e30c1cf,a9017703-9069-4e75-a382-79f38640d00f,Can you provide examples of data-driven insights improving efficiency?,I have led projects that cut diagnostic turnaround times by 30%.,04049c5d-99fb-401e-a346-1975413934d9,c988949f-d1ff-11ef-9e50-9afa7bdc3275,2adc0a39-f34c-4110-a9cd-da0701097b8f,0,4a72557a-d78e-4a91-ad08-c713b9fa7510,2,,false
5ac07865-827a-4aa6-b492-69393f22bbcf,5f71a7e8-d0d9-45a3-9441-7e087b4187b8,Can you share the key benefits and obstacles you’ve encountered with AI technologies in healthcare?,No reply,04049c5d-99fb-401e-a346-1975413934d9,c988949f-d1ff-11ef-9e50-9afa7bdc3275,2adc0a39-f34c-4110-a9cd-da0701097b8f,0,d30cec3c-7247-42b6-9ef9-a38714903e89,,,false
5c1321d4-927c-48e7-9e8d-9bab8fa1a810,e41d1c13-c0f2-4082-a25d-f369b2a297ef,Are you involved in strategic decisions regarding renewable energy projects?,No reply,e255a3f2-6a7a-4a18-a4e4-d37216284b9f,c988949f-d1ff-11ef-9e50-9afa7bdc3275,27f1cd6c-2614-4c6b-82e1-9694ec6886a7,0,c6e0c4d4-e831-47a4-9b02-7dc3b5004c52,,,false
5eae8dd3-e122-4764-b75f-ae7a5bf2b173,79e25b5e-34cd-42ef-a807-161534da8902,Can you discuss your experience with evaluating emerging fintech platforms?,"Yes, I have overseen several vendor selections for fintech integrations.",21e0b2f6-c8d0-47db-af1a-2b03ec48b69c,c988949f-d1ff-11ef-9e50-9afa7bdc3275,0c8c209d-6ec7-4f0c-b465-bd75e49f064f,0,,2,,false
5ebb9414-3a29-4a23-b8b8-dd2b97e4075b,fb7030e8-cdc0-4035-8a93-8a8de4533214,Are you involved in selecting or implementing AI-based solutions in your organization?,"Dr. Carter has led AI-driven clinical projects at Cleveland Clinic for over 15 years, focusing on integrating machine learning into patient care and operational efficiency.",04049c5d-99fb-401e-a346-1975413934d9,c988949f-d1ff-11ef-9e50-9afa7bdc3275,2adc0a39-f34c-4110-a9cd-da0701097b8f,0,b8446be7-7d39-4694-80c7-86147e88ab91,1,,false
6219a884-e313-4492-bc5e-ff9bbf8f2f42,5f71a7e8-d0d9-45a3-9441-7e087b4187b8,Have you led any projects that integrate AI into clinical workflows in the past 12 months?,No reply,04049c5d-99fb-401e-a346-1975413934d9,c988949f-d1ff-11ef-9e50-9afa7bdc3275,2adc0a39-f34c-4110-a9cd-da0701097b8f,0,8f9e2f11-031a-45b3-a28e-03f88afac24c,,,false
653a8b58-5da1-408f-96f9-b7c3dab5e2c3,1a90d570-c503-49ac-b5d8-912387f4e918,What initiatives have you led to enhance resilience?,We implemented advanced digital tracking and predictive risk analysis tools.,b0ed56b6-8219-42f7-87a6-03dee91733c4,c988949f-d1ff-11ef-9e50-9afa7bdc3275,3865508f-1665-4402-a75f-44d37276c675,0,58076e47-6207-4544-865f-ed8d900f57e7,2,,false
659e2dd0-3062-4fb1-9bd9-5bd8130bd19a,dc2ccaff-8bda-4832-8a3e-cbfc4d1837f7,Have you integrated new technologies to improve project efficiency?,"Yes, we recently introduced IoT-enabled monitoring systems.",e255a3f2-6a7a-4a18-a4e4-d37216284b9f,c988949f-d1ff-11ef-9e50-9afa7bdc3275,27f1cd6c-2614-4c6b-82e1-9694ec6886a7,0,f8ca436f-e39e-43b5-904c-943adf845fce,2,,false
6813d8e2-353d-47bd-91bd-a5294ec9beb8,d91a4faf-c94c-438e-8270-d76014648895,Which metrics drive your strategy?,"Customer retention, average order value, and conversion rates.",786b7b2f-ece7-4574-9994-2f0762b53f6b,c988949f-d1ff-11ef-9e50-9afa7bdc3275,a31e910e-14a0-42a6-88f2-f6c03fff0b6b,0,,2,,false
6a301b15-d76e-4a4f-bf3b-c2b9bba96f6f,3270c5d4-cf76-46bf-a5ed-4d2f9c40d98c,What areas do you focus on?,"I cover AI diagnostics, patient management systems, and operational analytics.",04049c5d-99fb-401e-a346-1975413934d9,c988949f-d1ff-11ef-9e50-9afa7bdc3275,2adc0a39-f34c-4110-a9cd-da0701097b8f,0,,2,,false
6bac01c6-1725-4172-a750-26207d28091c,75f95df7-caf0-4ec6-9b68-4a03c00acb93,"Familiarity ratings: Blockchain: 5, Mobile Banking: 5, Digital Payments: 4.",,21e0b2f6-c8d0-47db-af1a-2b03ec48b69c,c988949f-d1ff-11ef-9e50-9afa7bdc3275,0c8c209d-6ec7-4f0c-b465-bd75e49f064f,0,,3,,false
6c90ac55-574a-4ef3-883c-6257c7b3666d,ecb4c398-c00f-41a8-b2ee-17b9203d9df3,What metrics are most critical when evaluating customer satisfaction?,"I focus on conversion rates, NPS, and customer retention.",786b7b2f-ece7-4574-9994-2f0762b53f6b,c988949f-d1ff-11ef-9e50-9afa7bdc3275,a31e910e-14a0-42a6-88f2-f6c03fff0b6b,0,4585554f-d345-4fe8-8322-e8e80047f102,3,,false
6cd27d13-8d27-4e1a-b416-b9fac5c25382,dda7562b-3e3d-4644-aace-b68c98b9990c,Are you involved in strategic decisions regarding renewable energy projects?,"Alexandra has over 15 years of experience in renewable energy, focusing on sustainability strategies and market adaptation at Ørsted.",e255a3f2-6a7a-4a18-a4e4-d37216284b9f,c988949f-d1ff-11ef-9e50-9afa7bdc3275,27f1cd6c-2614-4c6b-82e1-9694ec6886a7,0,c6e0c4d4-e831-47a4-9b02-7dc3b5004c52,1,,false
6e453b80-2c54-42e2-8290-940999c8c2ee,79e25b5e-34cd-42ef-a807-161534da8902,Which fintech segments are you most familiar with?,"I specialize in mobile banking, blockchain-based payments, and digital wallet technologies.",21e0b2f6-c8d0-47db-af1a-2b03ec48b69c,c988949f-d1ff-11ef-9e50-9afa7bdc3275,0c8c209d-6ec7-4f0c-b465-bd75e49f064f,0,,1,,false
6e87d36a-d025-4be9-8c13-7142612167e8,f043d1bb-35b4-4700-a972-5ab37d1636c0,Are you responsible for overseeing end-to-end supply chain operations?,"Yes, I manage all aspects of our supply chain network.",b0ed56b6-8219-42f7-87a6-03dee91733c4,c988949f-d1ff-11ef-9e50-9afa7bdc3275,3865508f-1665-4402-a75f-44d37276c675,0,1a5b6a70-9c2b-40a0-a372-de72540a2ff4,1,,false
6f89c88a-f9eb-42d9-bc58-817aa061c14f,c4d6383c-f06d-4e9f-becb-481286c53b5b,Are you involved in strategic decisions regarding renewable energy projects?,No reply,e255a3f2-6a7a-4a18-a4e4-d37216284b9f,c988949f-d1ff-11ef-9e50-9afa7bdc3275,27f1cd6c-2614-4c6b-82e1-9694ec6886a7,0,c6e0c4d4-e831-47a4-9b02-7dc3b5004c52,,,false
6fc2f17f-2be6-4638-aa3a-81a4143be110,b90ca085-ea28-4a04-8241-e3a17e9f8cf3,Have you managed initiatives for data integration or analytics in healthcare recently?,No reply,04049c5d-99fb-401e-a346-1975413934d9,c988949f-d1ff-11ef-9e50-9afa7bdc3275,2adc0a39-f34c-4110-a9cd-da0701097b8f,0,62fd89d1-6f10-4155-876d-6e2e57051629,,,false
70728337-e565-410a-a5f3-ce7f9930e6e0,6d0e61a0-f13d-4e5d-8c49-c8a2b4868ced,What metrics are most critical to you?,"Engagement rates, conversion metrics, and customer retention.",786b7b2f-ece7-4574-9994-2f0762b53f6b,c988949f-d1ff-11ef-9e50-9afa7bdc3275,a31e910e-14a0-42a6-88f2-f6c03fff0b6b,0,4585554f-d345-4fe8-8322-e8e80047f102,3,,false
70a86f36-1638-47c7-9e11-0faa46c57073,002beb13-fb96-4393-9202-f1f6b6ca7e58,What processes or technologies have you found most effective in mitigating supply chain risks?,No reply,b0ed56b6-8219-42f7-87a6-03dee91733c4,c988949f-d1ff-11ef-9e50-9afa7bdc3275,3865508f-1665-4402-a75f-44d37276c675,0,a112db65-766f-449d-8bf1-f554130c09ed,,,false
75e49f99-7414-442e-909c-3f1ff44fb462,192803be-5531-454b-b0ca-f543cfcf4087,How involved were you in overseeing supply chain operations?,I was a key decision maker in process and technology implementations.,b0ed56b6-8219-42f7-87a6-03dee91733c4,c988949f-d1ff-11ef-9e50-9afa7bdc3275,3865508f-1665-4402-a75f-44d37276c675,0,e6ce3eea-bc6c-4794-8a22-1e6f2e2f41ee,1,,false
766d39b0-7587-4f48-a3b0-b64e8af68bcb,dda7562b-3e3d-4644-aace-b68c98b9990c,Have you overseen the launch of new renewable energy initiatives in the past 12 months?,No reply,e255a3f2-6a7a-4a18-a4e4-d37216284b9f,c988949f-d1ff-11ef-9e50-9afa7bdc3275,27f1cd6c-2614-4c6b-82e1-9694ec6886a7,0,5bc6f01a-e2ba-46af-bce6-8f4ecb1746c0,,,false
78978614-5052-4c0f-a383-207bc4ee1321,f953b54f-95fd-4efa-8308-1de45ae8883d,Are you responsible for shaping your organization’s customer experience strategy?,"Yes, I lead our digital transformation and customer engagement strategies.",786b7b2f-ece7-4574-9994-2f0762b53f6b,c988949f-d1ff-11ef-9e50-9afa7bdc3275,a31e910e-14a0-42a6-88f2-f6c03fff0b6b,0,23d8d732-1718-4306-a465-55a5e197dc53,1,,false
79f18045-ba8a-41f4-8634-9eaaab49090a,75f95df7-caf0-4ec6-9b68-4a03c00acb93,What fintech segments can you speak to?,"Mobile banking, digital payments, and blockchain integration.",21e0b2f6-c8d0-47db-af1a-2b03ec48b69c,c988949f-d1ff-11ef-9e50-9afa7bdc3275,0c8c209d-6ec7-4f0c-b465-bd75e49f064f,0,072dbf79-6f98-4ae8-97a6-871250815e06,2,,false
7b70234f-8e7e-4e01-94b7-3d19dafdd54f,e0edade1-343c-4f79-a263-9b218cea4126,Can you detail how technological advancements have impacted project outcomes?,No reply,e255a3f2-6a7a-4a18-a4e4-d37216284b9f,c988949f-d1ff-11ef-9e50-9afa7bdc3275,27f1cd6c-2614-4c6b-82e1-9694ec6886a7,0,00e8a445-63f2-42ef-b1ed-85d2d51e8e9e,,,false
7c18ab02-47eb-4a88-a2fd-085ec213b2ff,ea65954a-cc76-4798-bd60-43c950dbcdca,Are you responsible for driving digital transformation initiatives within your organization?,Olivia has served as Head of Digital Innovation at Bank of America for over 15 years.,21e0b2f6-c8d0-47db-af1a-2b03ec48b69c,c988949f-d1ff-11ef-9e50-9afa7bdc3275,0c8c209d-6ec7-4f0c-b465-bd75e49f064f,0,92a60d11-208f-4e37-a0d9-5fa97dacea5e,1,,false
8313653e-0886-4b10-bbd3-53f501128ce9,fb7030e8-cdc0-4035-8a93-8a8de4533214,Have you led any projects that integrate AI into clinical workflows in the past 12 months?,"Dr. Carter has led AI-driven clinical projects at Cleveland Clinic for over 15 years, focusing on integrating machine learning into patient care and operational efficiency.",04049c5d-99fb-401e-a346-1975413934d9,c988949f-d1ff-11ef-9e50-9afa7bdc3275,2adc0a39-f34c-4110-a9cd-da0701097b8f,0,8f9e2f11-031a-45b3-a28e-03f88afac24c,2,,false
843f2af9-ba81-4b74-bf17-142138842e9a,75f95df7-caf0-4ec6-9b68-4a03c00acb93,"In your current role, how involved are you in digital transformation?",I’m one of several decision makers.,21e0b2f6-c8d0-47db-af1a-2b03ec48b69c,c988949f-d1ff-11ef-9e50-9afa7bdc3275,0c8c209d-6ec7-4f0c-b465-bd75e49f064f,0,,1,,false
856f82f8-2070-43fc-b03b-e47efd6fb079,c4d6383c-f06d-4e9f-becb-481286c53b5b,Have you overseen the launch of new renewable energy initiatives in the past 12 months?,I led the integration of wind and solar hybrid solutions in Southeast Asia.,e255a3f2-6a7a-4a18-a4e4-d37216284b9f,c988949f-d1ff-11ef-9e50-9afa7bdc3275,27f1cd6c-2614-4c6b-82e1-9694ec6886a7,0,5bc6f01a-e2ba-46af-bce6-8f4ecb1746c0,,,false
85f2e88f-4d0f-42b5-b5b1-ac1eb88c191e,a427b73a-6d45-44d7-a934-a4dac5e11298,What market or policy trends influence your planning?,Shifts in international carbon policies and renewable subsidies.,e255a3f2-6a7a-4a18-a4e4-d37216284b9f,c988949f-d1ff-11ef-9e50-9afa7bdc3275,27f1cd6c-2614-4c6b-82e1-9694ec6886a7,0,c23fd73e-5b82-4168-896f-f09a663faaef,3,,false
863bd32a-cd71-4814-a40c-8847198944d6,3270c5d4-cf76-46bf-a5ed-4d2f9c40d98c,Are you involved in selecting or implementing AI-based solutions in your organization?,I lead all digital health strategies and AI vendor evaluations.,04049c5d-99fb-401e-a346-1975413934d9,c988949f-d1ff-11ef-9e50-9afa7bdc3275,2adc0a39-f34c-4110-a9cd-da0701097b8f,0,b8446be7-7d39-4694-80c7-86147e88ab91,,,false
88b828dc-e403-4445-8366-b3553574b189,a9017703-9069-4e75-a382-79f38640d00f,Do you oversee the strategic deployment of AI solutions in your organization?,"Yes, I am the final decision maker on digital and AI initiatives.",04049c5d-99fb-401e-a346-1975413934d9,c988949f-d1ff-11ef-9e50-9afa7bdc3275,2adc0a39-f34c-4110-a9cd-da0701097b8f,0,6c42ec79-f6ef-4da6-9e6d-7e5ff0353595,1,,false
89077ce2-34b8-43ee-93e2-fc59b7608973,0cf1a9fd-7612-4bed-a96b-cb6d65ef44a5,What AI applications do you manage?,I oversee AI for patient data analytics and operational efficiency.,04049c5d-99fb-401e-a346-1975413934d9,c988949f-d1ff-11ef-9e50-9afa7bdc3275,2adc0a39-f34c-4110-a9cd-da0701097b8f,0,62fd89d1-6f10-4155-876d-6e2e57051629,2,,false
8ae29dc6-e110-43f8-a2fe-60aac2d9ca0c,8f7a6e8d-4fe3-452b-863a-7971fe78e8d7,Do you directly manage regulatory compliance for fintech or digital banking products?,No reply,21e0b2f6-c8d0-47db-af1a-2b03ec48b69c,c988949f-d1ff-11ef-9e50-9afa7bdc3275,0c8c209d-6ec7-4f0c-b465-bd75e49f064f,0,95c3b23b-a8f5-48be-a9d3-3550be227614,,,false
8afab554-62a3-4df1-b65d-8f87e4d9224d,ecb4c398-c00f-41a8-b2ee-17b9203d9df3,Have you implemented any major customer engagement initiatives in the last year?,"Yes, my team rolled out an innovative personalization project that drove significant results.",786b7b2f-ece7-4574-9994-2f0762b53f6b,c988949f-d1ff-11ef-9e50-9afa7bdc3275,a31e910e-14a0-42a6-88f2-f6c03fff0b6b,0,75620d87-5957-48b9-9352-186477e8254c,2,,false
8ba8377b-547e-4b3d-a736-a738fafbf728,8f7a6e8d-4fe3-452b-863a-7971fe78e8d7,How involved were you in digital transformation decisions?,I was one of multiple decision makers.,21e0b2f6-c8d0-47db-af1a-2b03ec48b69c,c988949f-d1ff-11ef-9e50-9afa7bdc3275,0c8c209d-6ec7-4f0c-b465-bd75e49f064f,0,,1,,false
8c64b65a-104c-43a4-8d71-f7db828e4c5d,ea1375f8-5053-483f-8f57-2cbcf97d339a,Have you been involved in updating compliance frameworks in response to digital transformation?,No reply,21e0b2f6-c8d0-47db-af1a-2b03ec48b69c,c988949f-d1ff-11ef-9e50-9afa7bdc3275,0c8c209d-6ec7-4f0c-b465-bd75e49f064f,0,11468170-9ef8-4bdb-a555-a21ff8085cbb,,,false
8ee7cafd-288b-4e66-9601-9f973497915f,342cfab6-44df-4a16-9753-d749fddcb9b5,Can you discuss your role in managing renewable energy projects?,I direct all operational aspects and technology integrations for our projects.,e255a3f2-6a7a-4a18-a4e4-d37216284b9f,c988949f-d1ff-11ef-9e50-9afa7bdc3275,27f1cd6c-2614-4c6b-82e1-9694ec6886a7,0,ad6c442a-10dd-4e47-9659-ac6bfb3353df,1,,false
8f162fb3-0649-432b-b336-0ded7c7f89dc,3b9bbec8-e8ac-4f8a-8589-5cfca579e589,How involved were you in selecting AI-based solutions?,I was one of multiple decision-makers in AI projects.,04049c5d-99fb-401e-a346-1975413934d9,c988949f-d1ff-11ef-9e50-9afa7bdc3275,2adc0a39-f34c-4110-a9cd-da0701097b8f,0,,1,,false
8f707a8b-1e3c-434a-8510-ec8e9c7f318f,46a7bc72-daca-4dac-9e8f-a81492d7505b,Are you responsible for overseeing end-to-end supply chain operations?,No reply,b0ed56b6-8219-42f7-87a6-03dee91733c4,c988949f-d1ff-11ef-9e50-9afa7bdc3275,3865508f-1665-4402-a75f-44d37276c675,0,1a5b6a70-9c2b-40a0-a372-de72540a2ff4,,,false
90186ce0-3523-4437-9099-41b1b6e2e5af,9e582ee1-5eea-4a1f-b7b8-06904f345890,Are you responsible for analyzing customer behavior and digital engagement data?,"Yes, I led our data-driven CX transformation initiatives.",786b7b2f-ece7-4574-9994-2f0762b53f6b,c988949f-d1ff-11ef-9e50-9afa7bdc3275,a31e910e-14a0-42a6-88f2-f6c03fff0b6b,0,f066dc0e-4d28-4281-a860-642d1277146e,1,,false
905124b6-5cee-4bb3-8478-db56c457d4cc,1a90bacd-1263-4a86-be07-0440be52352d,Can you provide insights into regulatory challenges in fintech?,I have extensive experience navigating compliance in digital transformation.,21e0b2f6-c8d0-47db-af1a-2b03ec48b69c,c988949f-d1ff-11ef-9e50-9afa7bdc3275,0c8c209d-6ec7-4f0c-b465-bd75e49f064f,0,,3,,false
90a8c631-5b86-4cbe-8396-4856cec1e79e,704fc6c5-0099-4b95-8c7d-e500db5988cb,Are you responsible for overseeing end-to-end supply chain operations?,"Yes, I manage comprehensive supply chain strategies.",b0ed56b6-8219-42f7-87a6-03dee91733c4,c988949f-d1ff-11ef-9e50-9afa7bdc3275,3865508f-1665-4402-a75f-44d37276c675,0,1a5b6a70-9c2b-40a0-a372-de72540a2ff4,1,,false
910cff67-f516-4be3-b3f5-a8fed4a39d32,98d6da9b-3241-4045-bb62-c8bbb26a07fb,How have you addressed challenges with AI integration?,By developing interoperability frameworks and robust training programs.,04049c5d-99fb-401e-a346-1975413934d9,c988949f-d1ff-11ef-9e50-9afa7bdc3275,2adc0a39-f34c-4110-a9cd-da0701097b8f,0,d30cec3c-7247-42b6-9ef9-a38714903e89,2,,false
91342a8e-7696-46a9-8e6a-0c24a0aaafcf,002beb13-fb96-4393-9202-f1f6b6ca7e58,How involved are you in overseeing supply chain operations?,I’m the final decision maker for our logistics strategy.,b0ed56b6-8219-42f7-87a6-03dee91733c4,c988949f-d1ff-11ef-9e50-9afa7bdc3275,3865508f-1665-4402-a75f-44d37276c675,0,1a5b6a70-9c2b-40a0-a372-de72540a2ff4,1,,false
951b71fa-6436-4112-aa09-2b505b16e073,c07a7079-0657-4603-9530-4ad2688daf2c,Are you involved in selecting or implementing AI solutions in healthcare?,"Yes, I have direct oversight of multiple AI projects.",04049c5d-99fb-401e-a346-1975413934d9,c988949f-d1ff-11ef-9e50-9afa7bdc3275,2adc0a39-f34c-4110-a9cd-da0701097b8f,0,b8446be7-7d39-4694-80c7-86147e88ab91,1,,false
96d74b00-bc5b-45fd-aa80-d1f0e2baa8e7,e41d1c13-c0f2-4082-a25d-f369b2a297ef,Have you overseen the launch of new renewable energy initiatives in the past 12 months?,No reply,e255a3f2-6a7a-4a18-a4e4-d37216284b9f,c988949f-d1ff-11ef-9e50-9afa7bdc3275,27f1cd6c-2614-4c6b-82e1-9694ec6886a7,0,5bc6f01a-e2ba-46af-bce6-8f4ecb1746c0,,,false
97745c0a-d7a3-47bd-9361-35e4f2451892,2942a905-6f56-4b75-8de0-4ea733721009,Which technologies have you found effective?,IoT-based tracking and predictive analytics.,b0ed56b6-8219-42f7-87a6-03dee91733c4,c988949f-d1ff-11ef-9e50-9afa7bdc3275,3865508f-1665-4402-a75f-44d37276c675,0,a112db65-766f-449d-8bf1-f554130c09ed,2,,false
97a28c98-6cad-494d-8a8f-3d05862b92ba,a9017703-9069-4e75-a382-79f38640d00f,Have you managed initiatives for data integration or analytics in healthcare recently?,Rebecca Lang is the Senior Manager of Global Health Informatics at Cleveland Clinic (10/2016 – Present). She leads multi-disciplinary teams implementing AI in clinical workflows and streamlining data strategies.,04049c5d-99fb-401e-a346-1975413934d9,c988949f-d1ff-11ef-9e50-9afa7bdc3275,2adc0a39-f34c-4110-a9cd-da0701097b8f,0,62fd89d1-6f10-4155-876d-6e2e57051629,,,false
97bc9f8a-2cd2-4d09-aaf1-8991e0161a68,2cb7b662-7837-47d4-88f9-d3583de921e2,Have you used advanced analytics to drive CX improvements?,"Yes, our insights have directly contributed to a 20% increase in conversion rates.",786b7b2f-ece7-4574-9994-2f0762b53f6b,c988949f-d1ff-11ef-9e50-9afa7bdc3275,a31e910e-14a0-42a6-88f2-f6c03fff0b6b,0,7529488c-b397-4df6-a9b4-46773dfd4236,2,,false
98d67b3a-50d4-4938-ac64-b5a574b55f55,65c7a73e-a198-445e-b0a4-8dc81a445d51,Have you overseen the launch of new renewable energy initiatives in the past 12 months?,"Yes, I launched a 300MW solar-plus-storage project last quarter.",e255a3f2-6a7a-4a18-a4e4-d37216284b9f,c988949f-d1ff-11ef-9e50-9afa7bdc3275,27f1cd6c-2614-4c6b-82e1-9694ec6886a7,0,5bc6f01a-e2ba-46af-bce6-8f4ecb1746c0,2,,false
995f8b5e-3592-4e33-a4db-2ab4b7b842b2,192803be-5531-454b-b0ca-f543cfcf4087,What new technologies have you implemented?,I introduced automated inventory management and real-time supplier monitoring.,b0ed56b6-8219-42f7-87a6-03dee91733c4,c988949f-d1ff-11ef-9e50-9afa7bdc3275,3865508f-1665-4402-a75f-44d37276c675,0,f41a8511-5e51-4bab-ab87-7d7502bc1cc5,2,,false
9986cc18-04f3-4e76-8f56-bd9f9258451d,e41d1c13-c0f2-4082-a25d-f369b2a297ef,Can you describe the key market trends in renewable energy?,I observe rapid technology adoption driven by policy incentives and evolving energy regulations across regions.,e255a3f2-6a7a-4a18-a4e4-d37216284b9f,c988949f-d1ff-11ef-9e50-9afa7bdc3275,27f1cd6c-2614-4c6b-82e1-9694ec6886a7,0,c23fd73e-5b82-4168-896f-f09a663faaef,1,,false
9b9266a7-292e-4c16-bb10-40fc476dc09c,ea1375f8-5053-483f-8f57-2cbcf97d339a,What fintech segments can you speak to?,"Digital payments, mobile banking, and blockchain integration.",21e0b2f6-c8d0-47db-af1a-2b03ec48b69c,c988949f-d1ff-11ef-9e50-9afa7bdc3275,0c8c209d-6ec7-4f0c-b465-bd75e49f064f,0,,2,,false
9c48bcc7-b587-4e8b-a3ce-69b59840d72c,5face4fc-2417-402b-8b4f-48038a11e483,What processes or technologies have you found most effective in mitigating supply chain risks?,Advanced analytics and real-time monitoring systems.,b0ed56b6-8219-42f7-87a6-03dee91733c4,c988949f-d1ff-11ef-9e50-9afa7bdc3275,3865508f-1665-4402-a75f-44d37276c675,0,a112db65-766f-449d-8bf1-f554130c09ed,3,,false
9e864be1-fd2c-4163-bc7b-da79961b266d,8f7a6e8d-4fe3-452b-863a-7971fe78e8d7,Which fintech segments can you discuss?,"Digital payments, mobile banking, and blockchain innovations.",21e0b2f6-c8d0-47db-af1a-2b03ec48b69c,c988949f-d1ff-11ef-9e50-9afa7bdc3275,0c8c209d-6ec7-4f0c-b465-bd75e49f064f,0,,2,,false
9f8fb28c-ece5-4c2e-bb53-e6c5cef4a794,65c7a73e-a198-445e-b0a4-8dc81a445d51,Are you involved in strategic decisions regarding renewable energy projects?,"Yes, I oversee all major strategic initiatives.",e255a3f2-6a7a-4a18-a4e4-d37216284b9f,c988949f-d1ff-11ef-9e50-9afa7bdc3275,27f1cd6c-2614-4c6b-82e1-9694ec6886a7,0,c6e0c4d4-e831-47a4-9b02-7dc3b5004c52,1,,false
a21391e4-2fc3-4e78-9493-a80fa53fdb04,243a78c9-d73d-4900-8a58-b8d0602427e7,Can you discuss challenges and successes in integrating emerging technologies like blockchain?,I have hands-on experience piloting blockchain integrations.,21e0b2f6-c8d0-47db-af1a-2b03ec48b69c,c988949f-d1ff-11ef-9e50-9afa7bdc3275,0c8c209d-6ec7-4f0c-b465-bd75e49f064f,0,072dbf79-6f98-4ae8-97a6-871250815e06,3,,false
a43452ad-9ca6-4289-988c-55e9f4962354,38aa8aa2-7b61-4a83-90c8-45e361f1f267,Have you overseen the launch or evolution of digital banking products in the past year?,No reply,21e0b2f6-c8d0-47db-af1a-2b03ec48b69c,c988949f-d1ff-11ef-9e50-9afa7bdc3275,0c8c209d-6ec7-4f0c-b465-bd75e49f064f,0,f302e2ea-790a-4d0e-a3cb-a41798c764c2,,,false
a6f82b91-d941-439e-b772-c870c53fa8ba,2942a905-6f56-4b75-8de0-4ea733721009,Are you responsible for overseeing end-to-end supply chain operations?,No reply,b0ed56b6-8219-42f7-87a6-03dee91733c4,c988949f-d1ff-11ef-9e50-9afa7bdc3275,3865508f-1665-4402-a75f-44d37276c675,0,1a5b6a70-9c2b-40a0-a372-de72540a2ff4,,,false
a73c9940-a1d0-4a59-a5e8-3621dd0ef893,8f7a6e8d-4fe3-452b-863a-7971fe78e8d7,Have you been involved in updating compliance frameworks in response to digital transformation?,No reply,21e0b2f6-c8d0-47db-af1a-2b03ec48b69c,c988949f-d1ff-11ef-9e50-9afa7bdc3275,0c8c209d-6ec7-4f0c-b465-bd75e49f064f,0,11468170-9ef8-4bdb-a555-a21ff8085cbb,,,false
a94bad1d-4b88-4967-b021-7ca7e5a2727f,6bcd8bf9-1532-4f3b-9ec6-4a50770843b2,Have you implemented major customer initiatives in the past year?,"Yes, we recently deployed a cross-channel personalization platform.",786b7b2f-ece7-4574-9994-2f0762b53f6b,c988949f-d1ff-11ef-9e50-9afa7bdc3275,a31e910e-14a0-42a6-88f2-f6c03fff0b6b,0,75620d87-5957-48b9-9352-186477e8254c,2,,false
a95e13d4-2b0d-4e97-b81c-c2b801ef68ce,df73d315-0aab-417d-9cc7-ef7946fc910f,Can you discuss your role in digital innovation?,I lead all digital strategy and vendor evaluations for emerging fintech solutions.,21e0b2f6-c8d0-47db-af1a-2b03ec48b69c,c988949f-d1ff-11ef-9e50-9afa7bdc3275,0c8c209d-6ec7-4f0c-b465-bd75e49f064f,0,92a60d11-208f-4e37-a0d9-5fa97dacea5e,3,,false
aabc57ee-3cda-400a-81d1-91f03f066093,8f7a6e8d-4fe3-452b-863a-7971fe78e8d7,Can you provide insights into how regulatory trends are shaping product innovation?,No reply,21e0b2f6-c8d0-47db-af1a-2b03ec48b69c,c988949f-d1ff-11ef-9e50-9afa7bdc3275,0c8c209d-6ec7-4f0c-b465-bd75e49f064f,0,a6a889c5-77a0-4281-8ae9-693d15109577,,,false
ac3623ff-814b-4005-a334-7a73e245a143,df73d315-0aab-417d-9cc7-ef7946fc910f,What fintech segments do you cover?,"Mobile banking, digital payments, and blockchain integrations.",21e0b2f6-c8d0-47db-af1a-2b03ec48b69c,c988949f-d1ff-11ef-9e50-9afa7bdc3275,0c8c209d-6ec7-4f0c-b465-bd75e49f064f,0,,2,,false
aca445d8-e7bf-4e93-b2ac-2dc46fb7a265,8b8207d8-b138-458f-80a8-da5aa17ddc2e,Do you drive technology initiatives or process improvements within your supply chain?,"Yes, I lead digital transformation efforts to optimize our operations.",b0ed56b6-8219-42f7-87a6-03dee91733c4,c988949f-d1ff-11ef-9e50-9afa7bdc3275,3865508f-1665-4402-a75f-44d37276c675,0,e6ce3eea-bc6c-4794-8a22-1e6f2e2f41ee,1,,false
adc19fd9-d041-4ef6-8af9-f9065a64d71d,75f95df7-caf0-4ec6-9b68-4a03c00acb93,Are you responsible for driving digital transformation initiatives within your organization?,I’m one of several decision makers.,21e0b2f6-c8d0-47db-af1a-2b03ec48b69c,c988949f-d1ff-11ef-9e50-9afa7bdc3275,0c8c209d-6ec7-4f0c-b465-bd75e49f064f,0,92a60d11-208f-4e37-a0d9-5fa97dacea5e,,,false
ae1c1d08-457e-4ade-a850-d299e14410ab,38aa8aa2-7b61-4a83-90c8-45e361f1f267,Can you discuss the challenges and successes in integrating emerging technologies like blockchain?,No reply,21e0b2f6-c8d0-47db-af1a-2b03ec48b69c,c988949f-d1ff-11ef-9e50-9afa7bdc3275,0c8c209d-6ec7-4f0c-b465-bd75e49f064f,0,072dbf79-6f98-4ae8-97a6-871250815e06,,,false
ae1f5c69-a11e-4666-afdb-494112f99879,b4f9e18e-d4ad-4afd-adaf-837887bfb62a,Are you responsible for shaping the overall customer experience strategy?,"Yes, I lead the strategic vision for our customer journey.",786b7b2f-ece7-4574-9994-2f0762b53f6b,c988949f-d1ff-11ef-9e50-9afa7bdc3275,a31e910e-14a0-42a6-88f2-f6c03fff0b6b,0,23d8d732-1718-4306-a465-55a5e197dc53,1,,false
b3f77f62-16c5-422b-b975-79c6be0bbcb3,38aa8aa2-7b61-4a83-90c8-45e361f1f267,Are you responsible for driving digital transformation initiatives within your organization?,No reply,21e0b2f6-c8d0-47db-af1a-2b03ec48b69c,c988949f-d1ff-11ef-9e50-9afa7bdc3275,0c8c209d-6ec7-4f0c-b465-bd75e49f064f,0,92a60d11-208f-4e37-a0d9-5fa97dacea5e,,,false
b4bcde6b-4948-4cf8-bd9c-a504ba5c4183,6c861aab-8b56-451d-80b4-901f23565c00,Can you describe the key processes or technologies used to mitigate supply chain risks?,"I see significant impact from real-time analytics, blockchain for transparency, and automated supplier risk assessments.",b0ed56b6-8219-42f7-87a6-03dee91733c4,c988949f-d1ff-11ef-9e50-9afa7bdc3275,3865508f-1665-4402-a75f-44d37276c675,0,,1,,false
b5080e25-e429-4679-91a2-cabb9fc04cc2,1a90bacd-1263-4a86-be07-0440be52352d,Can you discuss the challenges and successes in integrating emerging technologies like blockchain?,No reply,21e0b2f6-c8d0-47db-af1a-2b03ec48b69c,c988949f-d1ff-11ef-9e50-9afa7bdc3275,0c8c209d-6ec7-4f0c-b465-bd75e49f064f,0,072dbf79-6f98-4ae8-97a6-871250815e06,,,false
b8971381-6698-4bbe-be4d-044e04de13b6,65c7a73e-a198-445e-b0a4-8dc81a445d51,What key market or policy trends have influenced your planning recently?,Recent tax incentives and evolving carbon regulations have been pivotal.,e255a3f2-6a7a-4a18-a4e4-d37216284b9f,c988949f-d1ff-11ef-9e50-9afa7bdc3275,27f1cd6c-2614-4c6b-82e1-9694ec6886a7,0,c23fd73e-5b82-4168-896f-f09a663faaef,3,,false
b971e055-f09a-4e96-8e40-0533cbb3adb1,eca78225-5c27-4cd5-a3d7-21468166dcd9,Which metrics do you prioritize?,"Retention rates, engagement scores, and revenue per visitor.",786b7b2f-ece7-4574-9994-2f0762b53f6b,c988949f-d1ff-11ef-9e50-9afa7bdc3275,a31e910e-14a0-42a6-88f2-f6c03fff0b6b,0,,3,,false
b9b9889b-148f-467c-8878-6c983c31222a,eca78225-5c27-4cd5-a3d7-21468166dcd9,What metrics do you find most critical when evaluating customer satisfaction?,No reply,786b7b2f-ece7-4574-9994-2f0762b53f6b,c988949f-d1ff-11ef-9e50-9afa7bdc3275,a31e910e-14a0-42a6-88f2-f6c03fff0b6b,0,4585554f-d345-4fe8-8322-e8e80047f102,,,false
b9bcb009-abde-45b6-8225-f6156ede6ef8,5f71a7e8-d0d9-45a3-9441-7e087b4187b8,Which clinical areas do you cover?,"I focus on diagnostics, patient care optimization, and operational AI tools.",04049c5d-99fb-401e-a346-1975413934d9,c988949f-d1ff-11ef-9e50-9afa7bdc3275,2adc0a39-f34c-4110-a9cd-da0701097b8f,0,,2,,false
bcbc8661-ae79-4d69-a6f4-7c71cb572db3,58bac28a-b152-417b-b255-12917c5e45e7,Are you involved in selecting or implementing AI-based solutions?,"Yes, I have driven multiple AI initiatives in clinical workflows.",04049c5d-99fb-401e-a346-1975413934d9,c988949f-d1ff-11ef-9e50-9afa7bdc3275,2adc0a39-f34c-4110-a9cd-da0701097b8f,0,b8446be7-7d39-4694-80c7-86147e88ab91,1,,false
bd02283c-f632-43ed-9b50-99dbd4c26366,d91a4faf-c94c-438e-8270-d76014648895,Are you responsible for shaping the overall customer experience strategy in your organization?,No reply,786b7b2f-ece7-4574-9994-2f0762b53f6b,c988949f-d1ff-11ef-9e50-9afa7bdc3275,a31e910e-14a0-42a6-88f2-f6c03fff0b6b,0,23d8d732-1718-4306-a465-55a5e197dc53,,,false
c1302e66-67d3-4190-b09a-d03619b1a1d6,6c861aab-8b56-451d-80b4-901f23565c00,Do you drive technology initiatives or process improvements within your supply chain?,No reply,b0ed56b6-8219-42f7-87a6-03dee91733c4,c988949f-d1ff-11ef-9e50-9afa7bdc3275,3865508f-1665-4402-a75f-44d37276c675,0,e6ce3eea-bc6c-4794-8a22-1e6f2e2f41ee,,,false
c1d71dc8-16d8-4a41-aa0d-4d553d150444,3b9bbec8-e8ac-4f8a-8589-5cfca579e589,Can you provide examples of how data-driven insights have improved operational efficiency?,No reply,04049c5d-99fb-401e-a346-1975413934d9,c988949f-d1ff-11ef-9e50-9afa7bdc3275,2adc0a39-f34c-4110-a9cd-da0701097b8f,0,4a72557a-d78e-4a91-ad08-c713b9fa7510,,,false
c328a8c8-d900-4ad3-9f2b-e4893593b1f3,ea65954a-cc76-4798-bd60-43c950dbcdca,Can you discuss the challenges and successes in integrating emerging technologies like blockchain?,she brings extensive experience in compliance and regulatory innovation.,21e0b2f6-c8d0-47db-af1a-2b03ec48b69c,c988949f-d1ff-11ef-9e50-9afa7bdc3275,0c8c209d-6ec7-4f0c-b465-bd75e49f064f,0,072dbf79-6f98-4ae8-97a6-871250815e06,2,,false
c58d6646-a9a9-4fe4-b2ae-5988b806485a,5face4fc-2417-402b-8b4f-48038a11e483,Have you led any initiatives focused on enhancing supply chain resilience within the last year?,"Yes, I launched a risk management framework to address global disruptions.",b0ed56b6-8219-42f7-87a6-03dee91733c4,c988949f-d1ff-11ef-9e50-9afa7bdc3275,3865508f-1665-4402-a75f-44d37276c675,0,58076e47-6207-4544-865f-ed8d900f57e7,2,,false
c6212ef1-f12b-4595-b880-6a3a7d8b21d9,ea1375f8-5053-483f-8f57-2cbcf97d339a,Can you provide insights into how regulatory trends are shaping product innovation?,No reply,21e0b2f6-c8d0-47db-af1a-2b03ec48b69c,c988949f-d1ff-11ef-9e50-9afa7bdc3275,0c8c209d-6ec7-4f0c-b465-bd75e49f064f,0,a6a889c5-77a0-4281-8ae9-693d15109577,,,false
c6e351bf-84e4-4938-a3fb-e65ca7a88ddb,002beb13-fb96-4393-9202-f1f6b6ca7e58,Have you implemented resilience-enhancing initiatives recently?,"Yes, we recently overhauled our supplier risk assessment process.",b0ed56b6-8219-42f7-87a6-03dee91733c4,c988949f-d1ff-11ef-9e50-9afa7bdc3275,3865508f-1665-4402-a75f-44d37276c675,0,58076e47-6207-4544-865f-ed8d900f57e7,2,,false
ca1da328-de66-4e6f-b6e9-ec3e8b89a079,243a78c9-d73d-4900-8a58-b8d0602427e7,Are you responsible for driving digital transformation initiatives within your organization?,"Yes, I’ve led multiple digital banking product launches.",21e0b2f6-c8d0-47db-af1a-2b03ec48b69c,c988949f-d1ff-11ef-9e50-9afa7bdc3275,0c8c209d-6ec7-4f0c-b465-bd75e49f064f,0,92a60d11-208f-4e37-a0d9-5fa97dacea5e,1,,false
ca46bfa8-d0b4-46a9-a3a4-407a9f57d8f3,2cb7b662-7837-47d4-88f9-d3583de921e2,Can you share how data insights have driven strategic decisions in your company?,Oversees strategic initiatives to optimize the customer journey through data-driven decisions.,786b7b2f-ece7-4574-9994-2f0762b53f6b,c988949f-d1ff-11ef-9e50-9afa7bdc3275,a31e910e-14a0-42a6-88f2-f6c03fff0b6b,0,c4016918-28fc-4dd7-8a1b-dd38c1b19612,,,false
cb975f5a-4da8-4fd2-8be7-607ee95e5062,c07a7079-0657-4603-9530-4ad2688daf2c,Can you provide insights into key benefits and obstacles with AI technologies?,I have experienced significant operational improvements along with challenges in system interoperability.,04049c5d-99fb-401e-a346-1975413934d9,c988949f-d1ff-11ef-9e50-9afa7bdc3275,2adc0a39-f34c-4110-a9cd-da0701097b8f,0,d30cec3c-7247-42b6-9ef9-a38714903e89,3,,false
ccc68654-6181-46b2-a5b3-8f61d016f582,f953b54f-95fd-4efa-8308-1de45ae8883d,What metrics are most critical for evaluating customer satisfaction?,"NPS, conversion rates, and customer lifetime value.",786b7b2f-ece7-4574-9994-2f0762b53f6b,c988949f-d1ff-11ef-9e50-9afa7bdc3275,a31e910e-14a0-42a6-88f2-f6c03fff0b6b,0,4585554f-d345-4fe8-8322-e8e80047f102,3,,false
cd43f3e7-ae22-4e52-b8a7-f9f5a4033211,104254db-5c4f-4e16-b100-2fbe7ca959e3,How involved are you in strategic decisions for renewable energy projects?,I’m the final decision maker for our renewable portfolio.,e255a3f2-6a7a-4a18-a4e4-d37216284b9f,c988949f-d1ff-11ef-9e50-9afa7bdc3275,27f1cd6c-2614-4c6b-82e1-9694ec6886a7,0,c6e0c4d4-e831-47a4-9b02-7dc3b5004c52,1,,false
cff3d6d4-b1ec-4c85-a172-a7c398bc772e,79e25b5e-34cd-42ef-a807-161534da8902,Have you overseen the launch or evolution of digital banking products in the past year?,No reply,21e0b2f6-c8d0-47db-af1a-2b03ec48b69c,c988949f-d1ff-11ef-9e50-9afa7bdc3275,0c8c209d-6ec7-4f0c-b465-bd75e49f064f,0,f302e2ea-790a-4d0e-a3cb-a41798c764c2,,,false
d20673db-3439-42c8-8018-fab29ee977e2,1a90d570-c503-49ac-b5d8-912387f4e918,What processes or technologies have you found most effective in mitigating supply chain risks?,We implemented advanced digital tracking and predictive risk analysis tools.,b0ed56b6-8219-42f7-87a6-03dee91733c4,c988949f-d1ff-11ef-9e50-9afa7bdc3275,3865508f-1665-4402-a75f-44d37276c675,0,a112db65-766f-449d-8bf1-f554130c09ed,,,false
d34184bd-eb31-46d8-a13f-9b5d8c90ce2f,ecb4c398-c00f-41a8-b2ee-17b9203d9df3,Are you responsible for shaping the overall customer experience strategy?,"Yes, I manage the end-to-end digital customer engagement strategy.",786b7b2f-ece7-4574-9994-2f0762b53f6b,c988949f-d1ff-11ef-9e50-9afa7bdc3275,a31e910e-14a0-42a6-88f2-f6c03fff0b6b,0,23d8d732-1718-4306-a465-55a5e197dc53,1,,false
d35f7285-bc4d-4086-8f6a-a1fc41e7c78a,b90ca085-ea28-4a04-8241-e3a17e9f8cf3,Can you describe the competitive landscape for AI in healthcare?,"I observe varied adoption rates between large hospital networks and innovative startups, with significant benefits in operational efficiency.",04049c5d-99fb-401e-a346-1975413934d9,c988949f-d1ff-11ef-9e50-9afa7bdc3275,2adc0a39-f34c-4110-a9cd-da0701097b8f,0,,1,,false
d8326b22-c701-4e23-adc9-e065aedc3f5c,0cf1a9fd-7612-4bed-a96b-cb6d65ef44a5,Can you provide examples of how data-driven insights have improved operational efficiency?,No reply,04049c5d-99fb-401e-a346-1975413934d9,c988949f-d1ff-11ef-9e50-9afa7bdc3275,2adc0a39-f34c-4110-a9cd-da0701097b8f,0,4a72557a-d78e-4a91-ad08-c713b9fa7510,,,false
d889daf1-f8a5-4454-a237-ce38cfb576a3,eca78225-5c27-4cd5-a3d7-21468166dcd9,Are you responsible for shaping your customer experience strategy?,"Yes, I am actively involved in all strategic decisions.",786b7b2f-ece7-4574-9994-2f0762b53f6b,c988949f-d1ff-11ef-9e50-9afa7bdc3275,a31e910e-14a0-42a6-88f2-f6c03fff0b6b,0,23d8d732-1718-4306-a465-55a5e197dc53,1,,false
dd606b2e-c39c-40d2-84f5-46e1208cac5b,104254db-5c4f-4e16-b100-2fbe7ca959e3,Have you overseen any new renewable initiatives in the past year?,"Yes, we recently commissioned a 250MW offshore wind farm.",e255a3f2-6a7a-4a18-a4e4-d37216284b9f,c988949f-d1ff-11ef-9e50-9afa7bdc3275,27f1cd6c-2614-4c6b-82e1-9694ec6886a7,0,5bc6f01a-e2ba-46af-bce6-8f4ecb1746c0,2,,false
de29c6e1-f03d-4448-86cb-9ce184f05afa,fb7030e8-cdc0-4035-8a93-8a8de4533214,Can you share the key benefits and obstacles you’ve encountered with AI technologies in healthcare?,No reply,04049c5d-99fb-401e-a346-1975413934d9,c988949f-d1ff-11ef-9e50-9afa7bdc3275,2adc0a39-f34c-4110-a9cd-da0701097b8f,0,d30cec3c-7247-42b6-9ef9-a38714903e89,,,false
df0194a1-fc5a-4184-b092-09b969b10783,ea65954a-cc76-4798-bd60-43c950dbcdca,Have you overseen the launch or evolution of digital banking products in the past year?,No reply,21e0b2f6-c8d0-47db-af1a-2b03ec48b69c,c988949f-d1ff-11ef-9e50-9afa7bdc3275,0c8c209d-6ec7-4f0c-b465-bd75e49f064f,0,f302e2ea-790a-4d0e-a3cb-a41798c764c2,,,false
e2c922f4-c910-4672-a87f-3ea8a302f0c5,6d0e61a0-f13d-4e5d-8c49-c8a2b4868ced,Are you responsible for shaping the overall customer experience strategy?,"Yes, I direct our omnichannel marketing efforts at ASOS.",786b7b2f-ece7-4574-9994-2f0762b53f6b,c988949f-d1ff-11ef-9e50-9afa7bdc3275,a31e910e-14a0-42a6-88f2-f6c03fff0b6b,0,23d8d732-1718-4306-a465-55a5e197dc53,1,,false
e2cf4f2d-1e62-4e86-a864-190190cd46de,e0edade1-343c-4f79-a263-9b218cea4126,How involved were you in operational management for renewable projects?,I was one of the key decision makers in operations and tech implementations.,e255a3f2-6a7a-4a18-a4e4-d37216284b9f,c988949f-d1ff-11ef-9e50-9afa7bdc3275,27f1cd6c-2614-4c6b-82e1-9694ec6886a7,0,ad6c442a-10dd-4e47-9659-ac6bfb3353df,1,,false
e30737a1-d600-4e2b-b901-fdddd783d485,6bcd8bf9-1532-4f3b-9ec6-4a50770843b2,Are you responsible for shaping the overall customer experience strategy?,"Yes, I set the strategic vision for customer engagement at Lazada.",786b7b2f-ece7-4574-9994-2f0762b53f6b,c988949f-d1ff-11ef-9e50-9afa7bdc3275,a31e910e-14a0-42a6-88f2-f6c03fff0b6b,0,23d8d732-1718-4306-a465-55a5e197dc53,1,,false
e3277645-7903-47b6-8131-a4d0192db160,38aa8aa2-7b61-4a83-90c8-45e361f1f267,Can you describe the competitive landscape in digital payments?,"As a distributor in fintech, I observe varied innovation trends across regions with a strong focus on mobile banking and blockchain-driven payment systems.",21e0b2f6-c8d0-47db-af1a-2b03ec48b69c,c988949f-d1ff-11ef-9e50-9afa7bdc3275,0c8c209d-6ec7-4f0c-b465-bd75e49f064f,0,,1,,false
e37de237-da26-44dd-b27e-8aecee4ae58e,b4f9e18e-d4ad-4afd-adaf-837887bfb62a,Have you implemented major customer engagement initiatives recently?,"Yes, our recent digital campaign boosted engagement metrics significantly.",786b7b2f-ece7-4574-9994-2f0762b53f6b,c988949f-d1ff-11ef-9e50-9afa7bdc3275,a31e910e-14a0-42a6-88f2-f6c03fff0b6b,0,75620d87-5957-48b9-9352-186477e8254c,2,,false
e4f77b39-bb11-4cc7-a2b8-98195562b8e8,2942a905-6f56-4b75-8de0-4ea733721009,What supply chain resilience projects have you led recently?,I implemented a dual-sourcing strategy and real-time data integration system.,b0ed56b6-8219-42f7-87a6-03dee91733c4,c988949f-d1ff-11ef-9e50-9afa7bdc3275,3865508f-1665-4402-a75f-44d37276c675,0,58076e47-6207-4544-865f-ed8d900f57e7,1,,false
e93bf196-f78b-45e9-ab9d-3a0ba154fcd0,b90ca085-ea28-4a04-8241-e3a17e9f8cf3,Can you provide examples of how data-driven insights have improved operational efficiency?,"I observe varied adoption rates between large hospital networks and innovative startups, with significant benefits in operational efficiency.",04049c5d-99fb-401e-a346-1975413934d9,c988949f-d1ff-11ef-9e50-9afa7bdc3275,2adc0a39-f34c-4110-a9cd-da0701097b8f,0,4a72557a-d78e-4a91-ad08-c713b9fa7510,,,false
e9be08bc-56d7-4fe0-988d-446b77e4d758,8b8207d8-b138-458f-80a8-da5aa17ddc2e,Can you share examples of how innovation has improved operational efficiency?,Our new system reduced lead times by 15% and minimized disruption risks.,b0ed56b6-8219-42f7-87a6-03dee91733c4,c988949f-d1ff-11ef-9e50-9afa7bdc3275,3865508f-1665-4402-a75f-44d37276c675,0,0317ae93-fdc6-470e-8c76-b6cf898bfa47,3,,false
ec8b043a-58bb-4db4-aa1b-b5f0f4681d86,a427b73a-6d45-44d7-a934-a4dac5e11298,Are you involved in strategic decisions regarding renewable energy projects?,"Yes, I oversee our international renewable portfolio.",e255a3f2-6a7a-4a18-a4e4-d37216284b9f,c988949f-d1ff-11ef-9e50-9afa7bdc3275,27f1cd6c-2614-4c6b-82e1-9694ec6886a7,0,c6e0c4d4-e831-47a4-9b02-7dc3b5004c52,1,,false
ec9de97f-0486-4f47-8373-0fc10968dc9e,c4d6383c-f06d-4e9f-becb-481286c53b5b,Which renewable projects have you led recently?,I led the integration of wind and solar hybrid solutions in Southeast Asia.,e255a3f2-6a7a-4a18-a4e4-d37216284b9f,c988949f-d1ff-11ef-9e50-9afa7bdc3275,27f1cd6c-2614-4c6b-82e1-9694ec6886a7,0,,1,,false
ed7cd732-70b8-43a9-a241-d943dc53e969,6c861aab-8b56-451d-80b4-901f23565c00,Have you implemented digital tools or analytics to optimize supply chain performance recently?,"I see significant impact from real-time analytics, blockchain for transparency, and automated supplier risk assessments.",b0ed56b6-8219-42f7-87a6-03dee91733c4,c988949f-d1ff-11ef-9e50-9afa7bdc3275,3865508f-1665-4402-a75f-44d37276c675,0,f41a8511-5e51-4bab-ab87-7d7502bc1cc5,,,false
eeb5a688-887b-4466-bf30-07192e2fafeb,104254db-5c4f-4e16-b100-2fbe7ca959e3,What key market or policy trends have influenced your strategic planning recently?,No reply,e255a3f2-6a7a-4a18-a4e4-d37216284b9f,c988949f-d1ff-11ef-9e50-9afa7bdc3275,27f1cd6c-2614-4c6b-82e1-9694ec6886a7,0,c23fd73e-5b82-4168-896f-f09a663faaef,,,false
eece8c04-9cf0-4dab-9b83-bbb31d3afb0a,b4f9e18e-d4ad-4afd-adaf-837887bfb62a,What metrics do you find most critical when evaluating customer satisfaction?,"Drives comprehensive metrics evaluation including NPS, conversion, and retention rates.",786b7b2f-ece7-4574-9994-2f0762b53f6b,c988949f-d1ff-11ef-9e50-9afa7bdc3275,a31e910e-14a0-42a6-88f2-f6c03fff0b6b,0,4585554f-d345-4fe8-8322-e8e80047f102,,,false
f07b1b24-c346-4a29-8d65-3ba903552f80,9e582ee1-5eea-4a1f-b7b8-06904f345890,Have you used advanced analytics to inform customer experience improvements?,"Yes, our projects have significantly increased customer satisfaction and retention.",786b7b2f-ece7-4574-9994-2f0762b53f6b,c988949f-d1ff-11ef-9e50-9afa7bdc3275,a31e910e-14a0-42a6-88f2-f6c03fff0b6b,0,7529488c-b397-4df6-a9b4-46773dfd4236,2,,false
f14395b5-9835-40f3-aaa2-891ad0e587ec,3270c5d4-cf76-46bf-a5ed-4d2f9c40d98c,Can you share the key benefits and obstacles you’ve encountered with AI technologies in healthcare?,No reply,04049c5d-99fb-401e-a346-1975413934d9,c988949f-d1ff-11ef-9e50-9afa7bdc3275,2adc0a39-f34c-4110-a9cd-da0701097b8f,0,d30cec3c-7247-42b6-9ef9-a38714903e89,,,false
f1578d73-ccb0-4315-a687-48266fb1ce1f,6c861aab-8b56-451d-80b4-901f23565c00,Can you share examples of how innovation has directly improved operational efficiency?,No reply,b0ed56b6-8219-42f7-87a6-03dee91733c4,c988949f-d1ff-11ef-9e50-9afa7bdc3275,3865508f-1665-4402-a75f-44d37276c675,0,0317ae93-fdc6-470e-8c76-b6cf898bfa47,,,false
fae6e2dd-3aa4-42b1-89a9-38c74e21acf1,1a90d570-c503-49ac-b5d8-912387f4e918,Can you discuss your role in managing supply chain operations?,I direct all aspects of our supply chain and logistics functions.,b0ed56b6-8219-42f7-87a6-03dee91733c4,c988949f-d1ff-11ef-9e50-9afa7bdc3275,3865508f-1665-4402-a75f-44d37276c675,0,1a5b6a70-9c2b-40a0-a372-de72540a2ff4,1,,false
fcbb6e80-3c2d-4fe4-9b51-38b060848e76,d91a4faf-c94c-438e-8270-d76014648895,What metrics do you find most critical when evaluating customer satisfaction?,No reply,786b7b2f-ece7-4574-9994-2f0762b53f6b,c988949f-d1ff-11ef-9e50-9afa7bdc3275,a31e910e-14a0-42a6-88f2-f6c03fff0b6b,0,4585554f-d345-4fe8-8322-e8e80047f102,,,false
ff9f72ac-5657-4c3b-970f-ab74b225bed1,58bac28a-b152-417b-b255-12917c5e45e7,Can you share benefits and obstacles encountered with AI in healthcare?,I have experienced improved diagnostic accuracy alongside challenges in interoperability.,04049c5d-99fb-401e-a346-1975413934d9,c988949f-d1ff-11ef-9e50-9afa7bdc3275,2adc0a39-f34c-4110-a9cd-da0701097b8f,0,d30cec3c-7247-42b6-9ef9-a38714903e89,3,,false